{"offline_id": "1b85e095778a46f3895b4736c36a2ffe", "project_name": "yolov5", "start_time": 1745937681920, "stop_time": 1745938366401, "tags": [], "workspace": null, "resume_strategy": "create", "customer_error_reported": true, "customer_error_message": "Unexpected error detected in the user script: error('Caught error in DataLoader worker process 2.\\nOriginal Traceback (most recent call last):\\n  File \"C:\\\\Users\\\\user\\\\AppData\\\\Local\\\\Programs\\\\Python\\\\Python39\\\\lib\\\\site-packages\\\\torch\\\\utils\\\\data\\\\_utils\\\\worker.py\", line 349, in _worker_loop\\n    data = fetcher.fetch(index)  # type: ignore[possibly-undefined]\\n  File \"C:\\\\Users\\\\user\\\\AppData\\\\Local\\\\Programs\\\\Python\\\\Python39\\\\lib\\\\site-packages\\\\torch\\\\utils\\\\data\\\\_utils\\\\fetch.py\", line 52, in fetch\\n    data = [self.dataset[idx] for idx in possibly_batched_index]\\n  File \"C:\\\\Users\\\\user\\\\AppData\\\\Local\\\\Programs\\\\Python\\\\Python39\\\\lib\\\\site-packages\\\\torch\\\\utils\\\\data\\\\_utils\\\\fetch.py\", line 52, in <listcomp>\\n    data = [self.dataset[idx] for idx in possibly_batched_index]\\n  File \"C:\\\\Users\\\\user\\\\Desktop\\\\main3\\\\yolov5\\\\utils\\\\dataloaders.py\", line 779, in __getitem__\\n    img, labels = self.load_mosaic(index)\\n  File \"C:\\\\Users\\\\user\\\\Desktop\\\\main3\\\\yolov5\\\\utils\\\\dataloaders.py\", line 888, in load_mosaic\\n    img, _, (h, w) = self.load_image(index)\\n  File \"C:\\\\Users\\\\user\\\\Desktop\\\\main3\\\\yolov5\\\\utils\\\\dataloaders.py\", line 863, in load_image\\n    im = cv2.imread(f)  # BGR\\n  File \"C:\\\\Users\\\\user\\\\AppData\\\\Local\\\\Programs\\\\Python\\\\Python39\\\\lib\\\\site-packages\\\\ultralytics\\\\utils\\\\patches.py\", line 30, in imread\\n    return cv2.imdecode(np.fromfile(filename, np.uint8), flags)\\ncv2.error: OpenCV(4.10.0) D:\\\\a\\\\opencv-python\\\\opencv-python\\\\opencv\\\\modules\\\\core\\\\src\\\\alloc.cpp:73: error: (-4:Insufficient memory) Failed to allocate 6220800 bytes in function \\'cv::OutOfMemoryError\\'\\n\\n')", "user_provided_experiment_key": false, "comet_start_sourced": false}